"continent","totalPopulationGrowth"
"Africa",58.210899999999995
"Asia",50.46919999999999
"Europe",50.112799999999986
"North America",40.167
"Oceania",23.169800000000002
"South America",14.111400000000001
