"continent","averagePopulationGrowthRate"
"Africa",1.0206333333333333
"Asia",1.0071444444444444
"Europe",1.0006111111111111
"North America",1.005077777777778
"Oceania",1.0055000000000003
"South America",1.0087571428571427
